name,td,founder_followers,nfounder,founder_score,ninvestor,investor_score,nboard,board_score,seed_amount,RFCclass,RFCprobA,RFRpred,RFRval,ETCclass,ETCprobA,ETRpred,ETRval
Counsyl,1400.003136,81.5,1.5,13.5,0.0,0.0,0.0,0.0,7000000.0,1.0,0.7,28910000.0,15000000.0,1.0,1.0,16900000.0,15000000.0
Listia,1240.5027787200002,87.0,1.0,10.0,0.0,0.0,0.0,0.0,1765000.0,0.0,0.5,37050002.4,18000000.0,1.0,1.0,34400000.6,18000000.0
RethinkDB,1088.00243712,29.5,1.0,10.0,0.0,0.0,0.0,0.0,4800004.0,1.0,0.6,30990000.0,44000000.0,1.0,1.0,27850000.8,44000000.0
biNu,1493.00334432,12.0,1.0,7.0,0.0,0.0,0.0,0.0,1200000.0,1.0,0.8,17870000.0,6300000.0,1.0,1.0,10400000.2,6300000.0
